wix_url,source_sitemap,replacement_url,status
https://www.checkmarkaudio.com/recording-mixing-mastering,https://www.checkmarkaudio.com/pages-sitemap.xml,,needs-approved-mapping
https://www.checkmarkaudio.com/challenges,https://www.checkmarkaudio.com/pages-sitemap.xml,,needs-approved-mapping
https://www.checkmarkaudio.com,https://www.checkmarkaudio.com/pages-sitemap.xml,,needs-approved-mapping
https://www.checkmarkaudio.com/services,https://www.checkmarkaudio.com/pages-sitemap.xml,,needs-approved-mapping
https://www.checkmarkaudio.com/marz,https://www.checkmarkaudio.com/pages-sitemap.xml,,needs-approved-mapping
https://www.checkmarkaudio.com/artist-photography,https://www.checkmarkaudio.com/pages-sitemap.xml,,needs-approved-mapping
https://www.checkmarkaudio.com/studio-a,https://www.checkmarkaudio.com/pages-sitemap.xml,,needs-approved-mapping
https://www.checkmarkaudio.com/copy-of-studios,https://www.checkmarkaudio.com/pages-sitemap.xml,,needs-approved-mapping
https://www.checkmarkaudio.com/artist-promotion,https://www.checkmarkaudio.com/pages-sitemap.xml,,needs-approved-mapping
https://www.checkmarkaudio.com/gift-card,https://www.checkmarkaudio.com/pages-sitemap.xml,,needs-approved-mapping
https://www.checkmarkaudio.com/payment-request-page,https://www.checkmarkaudio.com/pages-sitemap.xml,,needs-approved-mapping
https://www.checkmarkaudio.com/book-online,https://www.checkmarkaudio.com/pages-sitemap.xml,,needs-approved-mapping
https://www.checkmarkaudio.com/about,https://www.checkmarkaudio.com/pages-sitemap.xml,,needs-approved-mapping
https://www.checkmarkaudio.com/services-4,https://www.checkmarkaudio.com/pages-sitemap.xml,,needs-approved-mapping
https://www.checkmarkaudio.com/our-team,https://www.checkmarkaudio.com/pages-sitemap.xml,,needs-approved-mapping
https://www.checkmarkaudio.com/studio-b,https://www.checkmarkaudio.com/pages-sitemap.xml,,needs-approved-mapping
https://www.checkmarkaudio.com/service-page/consultation,https://www.checkmarkaudio.com/booking-services-sitemap.xml,,needs-approved-mapping
https://www.checkmarkaudio.com/category/all-products,https://www.checkmarkaudio.com/store-categories-sitemap.xml,,needs-approved-mapping
https://www.checkmarkaudio.com/category/beats,https://www.checkmarkaudio.com/store-categories-sitemap.xml,,needs-approved-mapping
https://www.checkmarkaudio.com/category/merchandise,https://www.checkmarkaudio.com/store-categories-sitemap.xml,,needs-approved-mapping
https://www.checkmarkaudio.com/category/mixing-tools,https://www.checkmarkaudio.com/store-categories-sitemap.xml,,needs-approved-mapping
