contact_sheet_id,old_filename,reviewed_filename,review_basis
0001,a-black-and-white-image-of-a-music-production-desk-at-checkmark-audio-featuring-dual-computer-monitors-displaying-a-digital-audio-workstation-daw.jpeg,music-production-desk-black-and-white.jpg,visual contact-sheet review
0002,a-black-and-white-image-of-a-recording-studio-with-a-sign-that-reads-checkmark-recording-studio-the-sign-features-an-illustration-of-a-woman-singing-i.jpg,checkmark-audio-studio-sign-black-and-white.jpg,visual contact-sheet review
0003,a-black-and-white-photograph-of-a-large-crowd-at-a-concert-with-hands-raised-in-the-air-capturing-the-energy-of-the-live-performance.png,live-concert-crowd-black-and-white.png,visual contact-sheet review
0004,a-black-and-white-photograph-of-a-music-production-desk-setup-with-two-computer-monitors-displaying-audio-editing-software-studio-monitors-are-positio.jpg,music-production-desk-black-and-white-view-02.jpg,visual contact-sheet review
0005,a-black-and-white-photograph-of-a-recording-studio-setup-featuring-a-microphone-stand-guitars-and-acoustic-panels-with-geometric-designs-mounted-on-th-alternate-02.jpg,studio-b-instrument-room-black-and-white.jpg,visual contact-sheet review
0006,a-black-and-white-photograph-of-a-recording-studio-setup-featuring-a-microphone-stand-guitars-and-acoustic-panels-with-geometric-designs-mounted-on-th.jpg,studio-b-instrument-room-black-and-white-view-02.jpg,visual contact-sheet review
0008,a-close-up-shot-of-a-microphone-in-a-recording-booth-at-checkmark-audio-bathed-in-a-blue-green-light-the-background-features-a-patterned-wall-and-soun.jpg,vocal-booth-microphone-blue-green-light.jpg,visual contact-sheet review
0009,a-close-up-shot-of-a-rack-of-professional-audio-equipment-including-various-compressors-equalizers-and-preamps-the-knobs-and-meters-are-illuminated-an-alternate-02.jpg,studio-compressor-rack-close-up.jpg,visual contact-sheet review
0010,a-close-up-shot-of-a-rack-of-professional-audio-equipment-including-various-compressors-equalizers-and-preamps-the-knobs-and-meters-are-illuminated-an.jpeg,studio-compressor-rack-close-up-view-02.jpg,visual contact-sheet review
0011,a-close-up-shot-of-various-audio-equipment-knobs-and-dials-in-a-recording-studio-showcasing-the-detailed-controls-for-sound-engineering-and-mixing-at-alternate-02.jpg,studio-audio-controls-close-up.jpg,visual contact-sheet review
0012,a-close-up-shot-of-various-audio-equipment-knobs-and-dials-in-a-recording-studio-showcasing-the-detailed-controls-for-sound-engineering-and-mixing-at.jpg,studio-audio-controls-close-up-view-02.jpg,visual contact-sheet review
0013,a-hallway-in-a-music-studio-featuring-colorful-murals-of-musicians-holding-guitars-the-walls-are-painted-in-bright-shades-of-turquoise-and-orange-and.jpg,studio-hallway-musician-murals.jpg,visual contact-sheet review
0014,a-portrait-of-rapper-daecrazo-looking-upward-against-a-backdrop-of-geometric-black-and-white-soundproofing-panels.jpg,daecrazo-studio-portrait.jpg,visual contact-sheet review
0015,a-recording-studio-lounge-area-with-a-bright-red-wall-and-a-black-door-with-green-soundproofing-panels-a-person-is-seated-on-a-couch-focused-on-their.jpg,studio-waiting-area-red-wall.jpg,visual contact-sheet review
0016,a-side-profile-of-a-marz-at-checkmark-audio-wearing-sunglasses-and-a-jersey-with-his-hair-styled-in-braids-alternate-02.jpg,marz-studio-side-profile.jpg,visual contact-sheet review
0017,a-side-profile-of-a-marz-at-checkmark-audio-wearing-sunglasses-and-a-jersey-with-his-hair-styled-in-braids.jpg,marz-studio-side-profile-view-02.jpg,visual contact-sheet review
0018,a-studio-microphone-set-up-in-front-of-a-mixing-console-with-glowing-meters-and-a-soft-background-blur-capturing-the-essence-of-vocal-recording-in-a-p-alternate-02.jpg,vocal-recording-microphone-console.jpg,visual contact-sheet review
0019,a-studio-microphone-set-up-in-front-of-a-mixing-console-with-glowing-meters-and-a-soft-background-blur-capturing-the-essence-of-vocal-recording-in-a-p.jpg,vocal-recording-microphone-console-view-02.jpg,visual contact-sheet review
0020,a-vibrant-recording-studio-setup-with-multiple-pieces-of-audio-equipment-including-synthesizers-mixers-and-studio-monitors-the-walls-are-adorned-with.jpg,music-production-studio-gear.jpg,visual contact-sheet review
0021,acoustic-guitars-and-custom-soundproofing-in-studio-a-at-checkmark-audio-creating-a-professional-environment-for-music-production-alternate-02.jpg,studio-a-acoustic-guitars-and-panels.jpg,visual contact-sheet review
0022,acoustic-guitars-and-custom-soundproofing-in-studio-a-at-checkmark-audio-creating-a-professional-environment-for-music-production.jpg,studio-a-acoustic-guitars-and-panels-view-02.jpg,visual contact-sheet review
0032,albuquerque-music-recording-studio-engineer-working-at-a-computer-station-in-the-studio-at-checkmark-audio-focused-on-mixing-and-sound-production-alternate-02.jpg,mixing-engineer-at-studio-workstation.jpg,visual contact-sheet review
0033,albuquerque-music-recording-studio-engineer-working-at-a-computer-station-in-the-studio-at-checkmark-audio-focused-on-mixing-and-sound-production.jpg,mixing-engineer-at-studio-workstation-view-02.jpg,visual contact-sheet review
0051,another-close-up-shot-of-a-microphone-in-a-recording-booth-this-time-with-green-lighting-the-setting-underscores-the-professional-grade-equipment-and.jpg,vocal-booth-microphone-green-light.jpg,visual contact-sheet review
0082,artistic-ceiling-and-wall-decor-in-studio-b-at-checkmark-audio-featuring-unique-paintings-and-acoustic-treatments-for-an-inspiring-recording-environme-alternate-02.jpg,studio-b-art-and-acoustic-ceiling.jpg,visual contact-sheet review
0083,artistic-ceiling-and-wall-decor-in-studio-b-at-checkmark-audio-featuring-unique-paintings-and-acoustic-treatments-for-an-inspiring-recording-environme.jpg,studio-b-art-and-acoustic-ceiling-view-02.jpg,visual contact-sheet review
0097,audio-engineer-richard-working-on-a-mixing-project-in-studio-b-at-checkmark-audio-focused-on-achieving-high-quality-sound-production-alternate-02.jpg,richard-baca-mixing-workstation.jpg,visual contact-sheet review
0098,audio-engineer-richard-working-on-a-mixing-project-in-studio-b-at-checkmark-audio-focused-on-achieving-high-quality-sound-production.jpg,richard-baca-mixing-workstation-view-02.jpg,visual contact-sheet review
0099,audio-engineers-richard-and-marz-working-on-a-project-in-studio-b-at-checkmark-audio-albuquerque-capturing-a-focused-and-collaborative-music-productio-alternate-02.jpg,richard-baca-and-marz-studio-session.jpg,visual contact-sheet review
0100,audio-engineers-richard-and-marz-working-on-a-project-in-studio-b-at-checkmark-audio-albuquerque-capturing-a-focused-and-collaborative-music-productio.jpg,richard-baca-and-marz-studio-session-view-02.jpg,visual contact-sheet review
0101,basic.jpg,mixing-mastering-basic-package-graphic.jpg,visual contact-sheet review
0112,booth1.jpg,vocal-recording-artist-booth-green-light.jpg,visual contact-sheet review
0113,booth2.jpg,vocal-recording-artist-booth-purple-light.jpg,visual contact-sheet review
0114,booth3.jpg,vocal-recording-artist-booth-blue-light.jpg,visual contact-sheet review
0126,checkmark-audio-image-1378f8a567.jpg,vocal-recording-studio-microphone-close-up.jpg,visual contact-sheet review
0127,checkmark-audio-image-13b7a50da8.jpg,gavin-hammond-headphones-profile.jpg,visual contact-sheet review
0128,checkmark-audio-image-1b03d3b376-alternate-02.jpg,singer-stage-smoke.jpg,visual contact-sheet review
0129,checkmark-audio-image-1b03d3b376.jpg,singer-stage-smoke-view-02.jpg,visual contact-sheet review
0130,checkmark-audio-image-1cdcd3fd4e.jpg,music-production-engineer-keyboard.jpg,visual contact-sheet review
0131,checkmark-audio-image-1d576b543b.jpg,vocalist-through-studio-window.jpg,visual contact-sheet review
0132,checkmark-audio-image-233931ffd9.png,music-note-icon.png,visual contact-sheet review
0133,checkmark-audio-image-25d497ca7e.jpg,checkmark-audio-lounge-sign.jpg,visual contact-sheet review
0134,checkmark-audio-image-26f121b7ba.jpg,vocal-recording-microphone-keyboard-graphic.jpg,visual contact-sheet review
0135,checkmark-audio-image-4ec008ac5b.png,gavin-hammond-keyboard-performance.png,visual contact-sheet review
0136,checkmark-audio-image-55947d3aaf.jpg,studio-a-lounge-guitar-mural.jpg,visual contact-sheet review
0137,checkmark-audio-image-70cd5c0abc.jpeg,studio-a-guitar-mural.jpg,visual contact-sheet review
0138,checkmark-audio-image-7582c605bf.jpg,studio-a-guitar-mural-view-02.jpg,visual contact-sheet review
0139,checkmark-audio-image-7db224a4b6-alternate-02.jpg,recording-session-studio-lounge.jpg,visual contact-sheet review
0140,checkmark-audio-image-7db224a4b6.jpg,recording-session-studio-lounge-view-02.jpg,visual contact-sheet review
0141,checkmark-audio-image-83d7df8d50.jpg,vocal-recording-artist-booth-rear.jpg,visual contact-sheet review
0142,checkmark-audio-image-924fc349eb-alternate-02.jpg,vocal-booth-microphone-low-angle.jpg,visual contact-sheet review
0143,checkmark-audio-image-924fc349eb.jpg,vocal-booth-microphone-low-angle-view-02.jpg,visual contact-sheet review
0144,checkmark-audio-image-9ab1f2e17d-alternate-02.jpg,checkmark-audio-studio-sign.png,visual contact-sheet review
0145,checkmark-audio-image-9ab1f2e17d.jpg,checkmark-audio-studio-sign-view-02.png,visual contact-sheet review
0146,checkmark-audio-image-a075344070.png,studio-interview-speaker.png,visual contact-sheet review
0147,checkmark-audio-image-a5e2e3a6eb.jpg,studio-collage-wall.jpg,visual contact-sheet review
0148,checkmark-audio-image-a8a822fa30.jpg,studio-a-lounge-wide.jpg,visual contact-sheet review
0149,checkmark-audio-image-aa64bebf3c.jpg,studio-a-lounge-window.jpg,visual contact-sheet review
0150,checkmark-audio-image-abab8d401a.jpg,studio-a-lounge-portrait.jpg,visual contact-sheet review
0151,checkmark-audio-image-b11c6a4243.png,vocal-recording-engineer-headphones.png,visual contact-sheet review
0152,checkmark-audio-image-c26cd04e44-alternate-02.jpg,studio-a-lounge-wide-view-02.jpg,visual contact-sheet review
0153,checkmark-audio-image-c26cd04e44.jpg,studio-a-lounge-wide-view-03.jpg,visual contact-sheet review
0154,checkmark-audio-image-c68f2394d5.jpg,vocal-recording-session-offer-graphic.jpg,visual contact-sheet review
0155,checkmark-audio-image-d370ee2a8d-alternate-02.jpg,studio-team-group-portrait.jpg,visual contact-sheet review
0156,checkmark-audio-image-d370ee2a8d.jpg,studio-team-group-portrait-view-02.jpg,visual contact-sheet review
0157,checkmark-audio-image-e943bbf8b4-alternate-02.png,gavin-hammond-keyboard-performance-view-02.png,visual contact-sheet review
0158,checkmark-audio-image-e943bbf8b4.png,gavin-hammond-keyboard-performance-view-03.png,visual contact-sheet review
0159,checkmark-audio-image-f31fa1f8e0.jpg,recording-session-studio-lounge-view-03.jpg,visual contact-sheet review
0160,checkmark-audio-image-f904eeedf6.jpg,checkmark-audio-studio-sign.jpg,visual contact-sheet review
0161,checkmark-audio-image-fa7ca84cfe.jpg,vocalist-through-studio-window-view-02.jpg,visual contact-sheet review
0163,checkmark-audio-logo-with-a-purple-background-representing-the-professional-recording-studio-in-albuquerque-new-mexico.jpg,checkmark-audio-purple-studio-logo.jpg,visual contact-sheet review
0213,close-up-of-a-microphone-in-the-vocal-booth-at-checkmark-audios-studio-b-optimized-for-capturing-clear-and-precise-vocal-performances-alternate-02.jpg,studio-b-vocal-booth-microphone.jpg,visual contact-sheet review
0214,close-up-of-a-microphone-in-the-vocal-booth-at-checkmark-audios-studio-b-optimized-for-capturing-clear-and-precise-vocal-performances.jpg,studio-b-vocal-booth-microphone-view-02.jpg,visual contact-sheet review
0225,cmp-graphic3.png,artist-photography-career-graphic.png,visual contact-sheet review
0226,cmp-graphic4.png,artist-photography-career-graphic-view-02.png,visual contact-sheet review
0227,cmp-logo1.png,checkmark-photography-logo.png,visual contact-sheet review
0228,cmp-marz-graphic-edited.png,marz-artist-photography-promo.png,visual contact-sheet review
0229,cmpbanner2.jpg,checkmark-photography-concert-banner.jpg,visual contact-sheet review
0230,cmpmarzgraphic.png,marz-artist-photography-promo-view-02.png,visual contact-sheet review
0231,cmpmilliegraphic-alternate-02.png,millie-artist-photography-promo.png,visual contact-sheet review
0232,cmpmilliegraphic-alternate-03.png,millie-artist-photography-promo-view-02.png,visual contact-sheet review
0233,cmpmilliegraphic.png,millie-artist-photography-promo-view-03.png,visual contact-sheet review
0234,comfortable-waiting-area-in-the-recording-studio-at-checkmark-audio-featuring-a-couch-music-studio-waiting-room-alternate-02.jpg,checkmark-audio-studio-waiting-area.jpg,visual contact-sheet review
0235,comfortable-waiting-area-in-the-recording-studio-at-checkmark-audio-featuring-a-couch-music-studio-waiting-room.jpg,checkmark-audio-studio-waiting-area-view-02.jpg,visual contact-sheet review
0254,cozy-recording-studio-at-checkmark-audio-featuring-colorful-wall-art-and-a-comfortable-sofa-in-albuquerque-alternate-02.jpg,studio-a-lounge-guitar-mural-view-02.jpg,visual contact-sheet review
0255,cozy-recording-studio-at-checkmark-audio-featuring-colorful-wall-art-and-a-comfortable-sofa-in-albuquerque.jpg,studio-a-lounge-guitar-mural-view-03.jpg,visual contact-sheet review
0269,drum-kit-setup-in-studio-b-at-checkmark-audio-designed-for-capturing-rich-and-dynamic-percussion-recordings.jpg,studio-b-drum-recording-setup.jpg,visual contact-sheet review
0270,dsc0307.arw,studio-b-art-and-acoustic-ceiling-view-03.jpg,visual contact-sheet review
0271,dsc0321.arw,mixing-engineer-at-studio-workstation-view-03.jpg,visual contact-sheet review
0272,dsc0323.arw,audio-engineers-collaborating-studio.jpg,visual contact-sheet review
0273,dsc04035.jpg,artist-black-and-white-headshot.jpg,visual contact-sheet review
0274,dsc04217-edited.jpg,studio-compressor-rack-close-up-view-03.jpg,visual contact-sheet review
0275,dsc04217.jpg,studio-compressor-rack-close-up-view-04.jpg,visual contact-sheet review
0276,dsc04221-edited.jpg,studio-patch-bay-and-rack-gear.jpg,visual contact-sheet review
0277,dsc04221.jpg,studio-patch-bay-and-rack-gear-view-02.jpg,visual contact-sheet review
0278,dsc04344.jpg,vocal-recording-microphone-close-up.jpg,visual contact-sheet review
0279,dsc04420-edited.jpg,checkmark-audio-studio-sign-wide.jpg,visual contact-sheet review
0280,dsc04420.jpg,checkmark-audio-studio-sign-wide-view-02.jpg,visual contact-sheet review
0281,dsc04426-alternate-02.jpg,drum-recording-snare-close-up.jpg,visual contact-sheet review
0282,dsc04426.jpg,drum-recording-snare-close-up-view-02.jpg,visual contact-sheet review
0283,dsc04427.jpg,drum-recording-kit-detail.jpg,visual contact-sheet review
0284,dsc04432.jpg,drum-recording-cymbal-detail.jpg,visual contact-sheet review
0285,dsc04572.jpg,artist-portrait-reclining.jpg,visual contact-sheet review
0286,dsc04622.jpg,male-vocalist-microphone-portrait.jpg,visual contact-sheet review
0287,dsc04625.jpg,male-vocalist-microphone-portrait-view-02.jpg,visual contact-sheet review
0288,dsc05385-edited.jpg,studio-microphone-and-sign.jpg,visual contact-sheet review
0289,dsc05388.jpg,vocal-booth-microphone-pop-filter.jpg,visual contact-sheet review
0290,dsc05389.jpg,vocal-booth-microphone-pop-filter-view-02.jpg,visual contact-sheet review
0291,dsc05390.jpg,vocal-booth-microphone-pop-filter-view-03.jpg,visual contact-sheet review
0292,dsc0548.arw,group-recording-session-studio-b.jpg,visual contact-sheet review
0293,dsc0549-edited.jpg,group-recording-session-studio-b-view-02.jpg,visual contact-sheet review
0294,dsc0549.arw,group-recording-session-studio-b-view-03.jpg,visual contact-sheet review
0295,dsc0551.arw,engineers-at-control-room-workstation.jpg,visual contact-sheet review
0296,dsc0552.arw,engineers-at-control-room-workstation-view-02.jpg,visual contact-sheet review
0297,dsc0553-edited.jpg,engineers-at-control-room-workstation-view-03.jpg,visual contact-sheet review
0298,dsc0553.arw,engineers-at-control-room-workstation-view-04.jpg,visual contact-sheet review
0299,dsc0554.arw,recording-artist-vocal-booth.jpg,visual contact-sheet review
0300,dsc06004-2.jpg,artist-white-shirt-portrait.jpg,visual contact-sheet review
0301,dsc06306.jpg,guitarist-dark-studio-portrait.jpg,visual contact-sheet review
0302,dsc06414.jpg,guitarist-dark-studio-portrait-view-02.jpg,visual contact-sheet review
0303,dsc06416.jpg,artists-red-light-portrait.jpg,visual contact-sheet review
0304,dsc06420.jpg,artist-purple-silhouette.jpg,visual contact-sheet review
0305,dsc06433.jpg,artist-purple-silhouette-view-02.jpg,visual contact-sheet review
0306,dsc06445.jpg,artist-purple-silhouette-view-03.jpg,visual contact-sheet review
0307,dsc06461.jpg,artist-purple-silhouette-view-04.jpg,visual contact-sheet review
0308,dsc06495.jpg,artist-purple-silhouette-view-05.jpg,visual contact-sheet review
0309,dsc06508.jpg,artist-purple-line-portrait.jpg,visual contact-sheet review
0310,dsc06514.jpg,artist-purple-line-portrait-view-02.jpg,visual contact-sheet review
0311,dsc06518.jpg,artist-purple-line-portrait-view-03.jpg,visual contact-sheet review
0312,dsc06528.jpg,artist-purple-portrait.jpg,visual contact-sheet review
0313,dsc06555-17.jpg,haven-album-cover.jpg,visual contact-sheet review
0314,dsc06930.jpg,artist-side-portrait.jpg,visual contact-sheet review
0315,dsc08341.jpg,studio-control-room-workstation.jpg,visual contact-sheet review
0316,dsc08343.jpg,studio-b-instrument-room.jpg,visual contact-sheet review
0317,dsc08355.jpg,studio-b-vocal-booth-blue-light.jpg,visual contact-sheet review
0318,dsc08356.jpg,studio-b-vocal-booth-blue-light-view-02.jpg,visual contact-sheet review
0319,dsc08359.jpg,studio-b-vocal-booth-red-light.jpg,visual contact-sheet review
0320,dsc08360.jpg,studio-b-vocal-booth-red-light-view-02.jpg,visual contact-sheet review
0321,dsc08361.jpg,studio-b-vocal-booth-red-light-view-03.jpg,visual contact-sheet review
0322,dsc08362.jpg,studio-b-vocal-booth-green-light.jpg,visual contact-sheet review
0323,dsc08363.jpg,studio-b-vocal-booth-green-light-view-02.jpg,visual contact-sheet review
0324,dsc08364.jpg,studio-b-vocal-booth-green-light-view-03.jpg,visual contact-sheet review
0325,dsc08365.jpg,studio-b-vocal-booth-blue-light-view-03.jpg,visual contact-sheet review
0326,dsc08366.jpg,studio-b-vocal-booth-blue-light-view-04.jpg,visual contact-sheet review
0327,dsc08367.jpg,vocal-booth-microphone-blue-light.jpg,visual contact-sheet review
0328,dsc08369.jpg,vocal-booth-microphone-red-light.jpg,visual contact-sheet review
0329,dsc08370.jpg,vocal-booth-microphone-red-green-light.jpg,visual contact-sheet review
0330,dsc08373.jpg,vocal-booth-microphone-warm-light.jpg,visual contact-sheet review
0331,dsc08374.jpg,vocal-booth-microphone-teal-light.jpg,visual contact-sheet review
0332,dsc08375.jpg,vocal-booth-microphone-blue-light-view-02.jpg,visual contact-sheet review
0333,dsc08376.jpg,vocal-booth-microphone-blue-light-view-03.jpg,visual contact-sheet review
0334,dsc08377.jpg,vocal-booth-microphone-blue-light-view-04.jpg,visual contact-sheet review
0335,dsc08378.jpg,vocal-booth-microphone-blue-light-view-05.jpg,visual contact-sheet review
0336,dsc08379.jpg,vocal-booth-microphone-blue-light-view-06.jpg,visual contact-sheet review
0337,dsc08380.jpg,vocal-booth-microphone-green-light-view-02.jpg,visual contact-sheet review
0338,dsc08381.jpg,vocal-booth-microphone-green-light-view-03.jpg,visual contact-sheet review
0339,dsc08382.jpg,vocal-booth-microphone-green-light-view-04.jpg,visual contact-sheet review
0340,dsc08384.jpg,vocal-booth-microphone-blue-light-view-07.jpg,visual contact-sheet review
0341,dsc08385.jpg,vocal-booth-microphone-blue-light-view-08.jpg,visual contact-sheet review
0342,dsc08386.jpg,vocal-booth-microphone-blue-light-view-09.jpg,visual contact-sheet review
0343,dsc08388.jpg,vocal-booth-microphone-red-light-view-02.jpg,visual contact-sheet review
0344,dsc08389.jpg,vocal-booth-microphone-warm-light-view-02.jpg,visual contact-sheet review
0345,dsc08390.jpg,vocal-booth-microphone-warm-light-view-03.jpg,visual contact-sheet review
0346,dsc08391.jpg,vocal-booth-microphone-green-light-view-05.jpg,visual contact-sheet review
0347,dsc08392.jpg,vocal-booth-microphone-green-light-view-06.jpg,visual contact-sheet review
0348,dsc08393.jpg,vocal-booth-microphone-green-light-view-07.jpg,visual contact-sheet review
0349,dsc08394.jpg,vocal-booth-microphone-green-light-view-08.jpg,visual contact-sheet review
0350,dsc08395.jpg,vocal-booth-microphone-blue-green-light-view-02.jpg,visual contact-sheet review
0351,dsc08396.jpg,vocal-booth-microphone-blue-light-view-10.jpg,visual contact-sheet review
0352,dsc08397.jpg,vocal-booth-microphone-red-light-view-03.jpg,visual contact-sheet review
0353,dsc08398.jpg,vocal-booth-microphone-red-green-light-view-02.jpg,visual contact-sheet review
0354,dsc08399.jpg,vocal-booth-microphone-teal-light-view-02.jpg,visual contact-sheet review
0355,dsc08401.jpg,vocal-booth-microphone-blue-light-view-11.jpg,visual contact-sheet review
0356,dsc9314.arw,mixing-engineer-control-room.jpg,visual contact-sheet review
0357,dsc9844-edited.jpg,studio-rack-gear-meters.jpg,visual contact-sheet review
0358,dsc9844.arw,studio-rack-gear-meters-view-02.jpg,visual contact-sheet review
0359,enan5dxg-edited.jpg,music-production-control-room-desk.jpg,visual contact-sheet review
0360,enan5dxg.jpeg,music-production-control-room-desk-view-02.jpg,visual contact-sheet review
0373,g-hammond-a-black-and-white-clipart-image-of-movie-strip-in-the-29a3b3fc-e0c5-4d07-a0d9-1f56e31f1c2b.webp,film-strip-icon-black-and-white.webp,visual contact-sheet review
0374,g-hammond-a-black-and-white-silhouette-of-a-rapper-with-a-micro-4b6e0e60-6587-430a-88c4-aa6dd4534ffa.webp,rapper-microphone-silhouette.webp,visual contact-sheet review
0375,g-hammond-an-emotional-and-powerful-beat-cover-art-featuring-4ea25ebf-e5cb-4192-b4f2-9f380fd95f3a-2-1.png,emotional-beat-cover-art.png,visual contact-sheet review
0376,g-hammond-an-epic-scene-of-a-young-black-boy-standing-triumph-a0927ac7-0c3d-4b0e-bdb3-612ede57bc30-0-1.png,young-guitarist-epic-cover-art.png,visual contact-sheet review
0394,gavin-founder-of-checkmark-audio-in-front-of-a-wall-of-audio-equipment-symbolizing-the-creative-and-welcoming-environment-alternate-02.jpg,gavin-hammond-studio-portrait.jpg,visual contact-sheet review
0395,gavin-founder-of-checkmark-audio-in-front-of-a-wall-of-audio-equipment-symbolizing-the-creative-and-welcoming-environment.jpg,gavin-hammond-studio-portrait-view-02.jpg,visual contact-sheet review
0412,gavin2-alternate-02.jpg,gavin-hammond-mixing-workstation.jpg,visual contact-sheet review
0413,gavin2.jpg,gavin-hammond-mixing-workstation-view-02.jpg,visual contact-sheet review
0414,gavin3-edit.jpg,gavin-hammond-mixing-screen-close-up.jpg,visual contact-sheet review
0485,neh-3-alternate-02.jpg,studio-team-casual-group-photo.jpg,visual contact-sheet review
0486,neh-3.jpg,studio-team-casual-group-photo-view-02.jpg,visual contact-sheet review
0487,personalportrait-edited-edited-edited-edited-variant-02.jpg,gavin-hammond-black-and-white-headshot.jpg,visual contact-sheet review
0488,personalportrait-edited-edited-edited-edited.jpg,gavin-hammond-black-and-white-headshot-view-02.jpg,visual contact-sheet review
0489,personalportrait-edited-edited-edited.jpg,gavin-hammond-black-and-white-headshot-view-03.jpg,visual contact-sheet review
0490,personalportrait-edited-edited.jpg,gavin-hammond-studio-headshot.jpg,visual contact-sheet review
0491,personalportrait-edited.jpg,gavin-hammond-studio-headshot-view-02.jpg,visual contact-sheet review
0492,personalportrait.jpg,gavin-hammond-studio-headshot-view-03.jpg,visual contact-sheet review
0493,photo-20jul-2003-2c-207-2027-2007-20pm-edited-edited.jpg,studio-a-lounge-chair-blue-light.jpg,visual contact-sheet review
0494,photo-20jul-2003-2c-207-2027-2015-20pm-edited-edited.jpg,studio-a-guitar-mural-blue-light.jpg,visual contact-sheet review
0495,photo-20jul-2003-2c-207-2028-2026-20pm-edited-edited.jpg,studio-window-vocal-booth.jpg,visual contact-sheet review
0496,photo-2520jul-252003-252c-25207-252027-252007-2520pm-edited-edited-edited.jpg,studio-a-lounge-chair-blue-light-view-02.jpg,visual contact-sheet review
0497,photo-jul-03-2c-7-27-07-pm-edited-variant-02.jpg,studio-a-lounge-chair-blue-light-view-03.jpg,visual contact-sheet review
0498,photo-jul-03-2c-7-27-07-pm-edited.jpg,studio-a-lounge-chair-blue-light-view-04.jpg,visual contact-sheet review
0499,photo-jul-03-2c-7-27-15-pm-edited.jpg,studio-a-guitar-mural-blue-light-view-02.jpg,visual contact-sheet review
0500,photo-jul-03-2c-7-28-26-pm-edited.jpg,studio-window-vocal-booth-view-02.jpg,visual contact-sheet review
0513,premium.jpg,mixing-mastering-premium-package-graphic.jpg,visual contact-sheet review
0521,received-3819280371655567.jpeg,team-member-blue-shirt-headshot.jpg,visual contact-sheet review
0522,recording-artist-jjune-in-the-vocal-booth-at-checkmark-audio-wearing-headphones-and-ready-for-a-session-in-albuquerque-alternate-02.jpg,jjune-vocal-recording-session.jpg,visual contact-sheet review
0523,recording-artist-jjune-in-the-vocal-booth-at-checkmark-audio-wearing-headphones-and-ready-for-a-session-in-albuquerque.jpg,jjune-vocal-recording-session-view-02.jpg,visual contact-sheet review
0524,recording-equipment-in-studio-b-at-checkmark-audio-showcasing-a-modern-well-equipped-workstation-for-audio-production-alternate-02.jpg,studio-b-music-production-workstation.jpg,visual contact-sheet review
0525,recording-equipment-in-studio-b-at-checkmark-audio-showcasing-a-modern-well-equipped-workstation-for-audio-production.jpg,studio-b-music-production-workstation-view-02.jpg,visual contact-sheet review
0526,recording-studio-with-a-vibrant-guitar-mural-at-checkmark-audio-albuquerque-highlighting-the-creative-atmosphere-alternate-02.jpg,studio-a-guitar-mural-view-03.jpg,visual contact-sheet review
0527,recording-studio-with-a-vibrant-guitar-mural-at-checkmark-audio-albuquerque-highlighting-the-creative-atmosphere.jpg,studio-a-guitar-mural-view-04.jpg,visual contact-sheet review
0534,richard-in-a-recording-studio-wearing-large-over-ear-headphones-focused-on-a-computer-screen-various-audio-equipment-including-mixers-and-studio-monit-alternate-02.jpg,richard-baca-engineering-at-console.jpg,visual contact-sheet review
0535,richard-in-a-recording-studio-wearing-large-over-ear-headphones-focused-on-a-computer-screen-various-audio-equipment-including-mixers-and-studio-monit.jpg,richard-baca-engineering-at-console-view-02.jpg,visual contact-sheet review
0541,richard2.jpg,richard-baca-control-room-profile.jpg,visual contact-sheet review
0542,richard3-edited.jpg,richard-baca-engineering-at-console-view-03.jpg,visual contact-sheet review
0543,richard3.jpg,richard-baca-engineering-at-console-view-04.jpg,visual contact-sheet review
0544,richard4.jpg,studio-monitor-and-daw-close-up.jpg,visual contact-sheet review
0545,richard5-alternate-02.png,richard-baca-guitar-performance.png,visual contact-sheet review
0546,richard5.jpeg,richard-baca-guitar-performance-view-02.png,visual contact-sheet review
0549,screen-shot-2020-11-17-at-6-38-55-pm.png,checkmark-audio-equalizer-logo.png,visual contact-sheet review
0550,screen-shot-2020-11-17-at-6-38-edited-variant-02.jpg,checkmark-audio-equalizer-logo.jpg,visual contact-sheet review
0551,screen-shot-2020-11-17-at-6-38-edited.jpg,checkmark-audio-equalizer-logo-view-02.jpg,visual contact-sheet review
0552,screen-shot-2020-11-17-at-6-edited.jpg,checkmark-audio-equalizer-mark.jpg,visual contact-sheet review
0553,screenshot-2024-08-01-at-3-13-59-pm.png,bbb-review-screenshot.png,visual contact-sheet review
0554,screenshot-2024-08-01-at-3-15-57-pm.png,google-review-screenshot.png,visual contact-sheet review
0558,standard.jpg,mixing-mastering-standard-package-graphic.jpg,visual contact-sheet review
0560,studio-b-recording-setup-at-checkmark-audio-showcasing-guitars-a-microphone-and-professional-acoustic-treatment-in-albuquerque-alternate-02.jpg,studio-b-instrument-recording-setup.jpg,visual contact-sheet review
0561,studio-b-recording-setup-at-checkmark-audio-showcasing-guitars-a-microphone-and-professional-acoustic-treatment-in-albuquerque.jpg,studio-b-instrument-recording-setup-view-02.jpg,visual contact-sheet review
0567,studio10.arw,studio-a-guitar-mural-hallway.jpg,visual contact-sheet review
0568,studio11.arw,studio-hallway-musician-mural.jpg,visual contact-sheet review
0569,studio12-edited-edited-alternate-02.jpg,studio-hallway-musician-mural-view-02.jpg,visual contact-sheet review
0570,studio12-edited-edited.jpg,studio-hallway-musician-mural-view-03.jpg,visual contact-sheet review
0571,studio12-edited.jpg,studio-hallway-musician-mural-view-04.jpg,visual contact-sheet review
0572,studio12.arw,studio-hallway-musician-mural-view-05.jpg,visual contact-sheet review
0573,studio2-edited-alternate-02.jpg,studio-a-live-room-guitar-mural.jpg,visual contact-sheet review
0574,studio2-edited.jpg,studio-a-live-room-guitar-mural-view-02.jpg,visual contact-sheet review
0575,studio3.arw,studio-b-window-and-acoustic-panels.jpg,visual contact-sheet review
0576,studio4.arw,studio-lounge-sign-and-couch.jpg,visual contact-sheet review
0577,studio5-edited-alternate-02.jpg,mixing-engineer-at-studio-workstation-view-04.jpg,visual contact-sheet review
0578,studio5-edited.jpg,mixing-engineer-at-studio-workstation-view-05.jpg,visual contact-sheet review
0579,studio5.arw,mixing-engineer-at-studio-workstation-view-06.jpg,visual contact-sheet review
0580,studio6.arw,studio-b-entry-and-wall-display.jpg,visual contact-sheet review
0581,studio7.arw,studio-waiting-area-red-wall-view-02.jpg,visual contact-sheet review
0582,studio8.arw,studio-waiting-area-red-wall-view-03.jpg,visual contact-sheet review
0583,studio9.arw,studio-control-room-speakers-and-desk.jpg,visual contact-sheet review
0584,studiodesk1.jpeg,music-production-keyboard-blue-light.png,visual contact-sheet review
0591,the-same-microphone-setup-in-the-recording-booth-at-checkmark-audio-now-illuminated-by-purple-lighting-this-image-adds-to-the-variety-of-moods-that-ca.jpg,vocal-booth-microphone-purple-light.jpg,visual contact-sheet review
0592,the-wall-of-a-recording-studio-featuring-a-moonlight-recording-studio-sign-painted-with-clouds-and-a-moon-above-a-comfortable-couch-in-the-studios-lou.jpeg,checkmark-audio-lounge-sign-and-couch.jpg,visual contact-sheet review
0616,waiting-area-with-a-red-accent-wall-at-checkmark-audio-offering-a-relaxing-space-for-artists-between-recording-sessions-alternate-02.jpg,studio-waiting-area-red-wall-view-04.jpg,visual contact-sheet review
0617,waiting-area-with-a-red-accent-wall-at-checkmark-audio-offering-a-relaxing-space-for-artists-between-recording-sessions.jpg,studio-waiting-area-red-wall-view-05.jpg,visual contact-sheet review
0618,waiting-room-in-checkmark-audio-featuring-a-tv-microwave-and-acoustic-treatments-providing-a-comfortable-space-for-relaxation-alternate-02.jpg,studio-waiting-room-tv-and-acoustic-panels.jpg,visual contact-sheet review
0619,waiting-room-in-checkmark-audio-featuring-a-tv-microwave-and-acoustic-treatments-providing-a-comfortable-space-for-relaxation.jpg,studio-waiting-room-tv-and-acoustic-panels-view-02.jpg,visual contact-sheet review
0625,y7i8n7pa-edited.jpg,vocalist-through-studio-window-view-03.jpg,visual contact-sheet review
0626,y7i8n7pa.jpeg,vocalist-through-studio-window-view-04.jpg,visual contact-sheet review
,"checkmark-audio-vocal-production-mixing-and-mastering-music-education.jpg","checkmark-audio-services-recording-production-education.png","visual review and file-format correction"
,"albuquerque-recording-studio-engineer-and-clients4.arw","recording-studio-engineer-and-clients-session.jpg","visual review and file-format correction"
,"checkmark-audio-music-studio-sign.jpg","checkmark-audio-music-studio-sign.png","visual review and file-format correction"
,"antoineshooting.jpg","antoine-vocal-recording-performance.png","visual review and file-format correction"
,"blue-cable-rack-source.jpg","studio-blue-cable-rack.png","visual review and file-format correction"
,"blue-cable-rack-source-alternate-02.jpg","studio-blue-cable-rack-view-02.png","visual review and file-format correction"
,"checkmark-audio-mixing-and-mastering.jpg","mixing-and-mastering-service-graphic.png","visual review and file-format correction"
,"checkmark-audio-color-fade.jpg","checkmark-audio-color-fade.png","visual review and file-format correction"
,"inthestudio.jpeg","artists-in-recording-studio.png","visual review and file-format correction"
,"checkmark-audio-gavin-hammond-piano-lessons.jpg","gavin-hammond-piano-lessons.png","visual review and file-format correction"
,"sign.jpeg","checkmark-audio-recording-studio-sign.png","visual review and file-format correction"
,"richard-baca-albuquerque-nm-guitar-teacher-performing-during-a-guitar-lesson.jpg","richard-baca-guitar-lesson.png","visual review and file-format correction"
,additional-revision-variant-02.jpg,additional-revision-view-02.jpg,removed workflow-noise wording after visual review
,after-checkmark-sign-source.jpg,after-checkmark-sign.jpg,removed workflow-noise wording after visual review
,after-motion-blur-source.jpg,after-motion-blur.jpg,removed workflow-noise wording after visual review
,albuquerque-music-recording-studio-b-vocal-booth-red-alternate-02.jpg,albuquerque-music-recording-studio-b-vocal-booth-red-view-02.jpg,removed workflow-noise wording after visual review
,albuquerque-music-studio-checkmark-audio-studio-b-david-posing-in-front-of-picture-alternate-02.jpg,albuquerque-music-studio-checkmark-audio-studio-b-david-posing-in-front-of-picture-view-02.jpg,removed workflow-noise wording after visual review
,albuquerque-music-studio-waiting-room-variant-02.jpg,albuquerque-music-studio-waiting-room-view-02.jpg,removed workflow-noise wording after visual review
,albuquerque-music-studio-waiting-room-variant-03.jpg,albuquerque-music-studio-waiting-room-view-03.jpg,removed workflow-noise wording after visual review
,albuquerque-music-studio-waiting-room-variant-04.jpg,albuquerque-music-studio-waiting-room-view-04.jpg,removed workflow-noise wording after visual review
,albuquerque-new-mexico-music-studio-recording-checkmark-sign-edited.jpg,albuquerque-new-mexico-music-studio-recording-checkmark-sign.jpg,removed workflow-noise wording after visual review
,albuquerque-nm-music-recording-studio-live-room-alternate-02.jpg,albuquerque-nm-music-recording-studio-live-room-view-02.jpg,removed workflow-noise wording after visual review
,albuquerque-recording-studio-engineer-and-clients3-variant-02.jpg,albuquerque-recording-studio-engineer-and-clients3-view-02.jpg,removed workflow-noise wording after visual review
,artist-cafe-diego-footer-picture-4-alternate-02.jpeg,artist-cafe-diego-footer-picture-4-view-02.jpeg,removed workflow-noise wording after visual review
,artist-cafe-diego-footer-picture-4-edited-alternate-02.jpg,artist-cafe-diego-footer-picture-4.jpg,removed workflow-noise wording after visual review
,artist-cafe-diego-footer-picture-4-edited.jpg,artist-cafe-diego-footer-picture-4-view-02.jpg,removed workflow-noise wording after visual review
,artist-cafe-gregorio-footer-picture-2-alternate-02.jpeg,artist-cafe-gregorio-footer-picture-2-view-02.jpeg,removed workflow-noise wording after visual review
,artist-cafe-gregorio-footer-picture-2-edited-alternate-02.jpg,artist-cafe-gregorio-footer-picture-2.jpg,removed workflow-noise wording after visual review
,artist-cafe-gregorio-footer-picture-2-edited.jpg,artist-cafe-gregorio-footer-picture-2-view-02.jpg,removed workflow-noise wording after visual review
,artist-portrait-cap-source-alternate-02.jpg,artist-portrait-cap.jpg,removed workflow-noise wording after visual review
,artist-portrait-cap-source.jpg,artist-portrait-cap-view-02.jpg,removed workflow-noise wording after visual review
,artist-portrait-cap-web.jpg,artist-portrait-cap-view-03.jpg,removed workflow-noise wording after visual review
,artist-portrait-looking-up-web.jpg,artist-portrait-looking-up.jpg,removed workflow-noise wording after visual review
,artist-portrait-web.jpg,artist-portrait.jpg,removed workflow-noise wording after visual review
,artist-profile-teal-jacket-source-alternate-02.jpg,artist-profile-teal-jacket.jpg,removed workflow-noise wording after visual review
,artist-profile-teal-jacket-source.jpg,artist-profile-teal-jacket-view-02.jpg,removed workflow-noise wording after visual review
,artist-profile-teal-jacket-web.jpg,artist-profile-teal-jacket-view-03.jpg,removed workflow-noise wording after visual review
,artist-speaking-booth-close-source-alternate-02.jpg,artist-speaking-booth-close.jpg,removed workflow-noise wording after visual review
,artist-speaking-booth-close-source.jpg,artist-speaking-booth-close-view-02.jpg,removed workflow-noise wording after visual review
,artist-speaking-booth-close-web.jpg,artist-speaking-booth-close-view-03.jpg,removed workflow-noise wording after visual review
,artist-speaking-booth-web.jpg,artist-speaking-booth.jpg,removed workflow-noise wording after visual review
,artists-cafe-country-medicine-footer-picture-1-alternate-02.jpeg,artists-cafe-country-medicine-footer-picture-1-view-02.jpeg,removed workflow-noise wording after visual review
,artists-cafe-country-medicine-footer-picture-1-edited-alternate-02.jpg,artists-cafe-country-medicine-footer-picture-1.jpg,removed workflow-noise wording after visual review
,artists-cafe-country-medicine-footer-picture-1-edited.jpg,artists-cafe-country-medicine-footer-picture-1-view-02.jpg,removed workflow-noise wording after visual review
,artists-cafe-milli-footer-picture-3-alternate-02.jpg,artists-cafe-milli-footer-picture-3-view-02.jpg,removed workflow-noise wording after visual review
,artists-cafe-richard-footer-picture-5-alternate-02.jpeg,artists-cafe-richard-footer-picture-5-view-02.jpeg,removed workflow-noise wording after visual review
,artists-cafe-richard-footer-picture-5-edited-alternate-02.jpg,artists-cafe-richard-footer-picture-5.jpg,removed workflow-noise wording after visual review
,artists-cafe-richard-footer-picture-5-edited.jpg,artists-cafe-richard-footer-picture-5-view-02.jpg,removed workflow-noise wording after visual review
,bbb-accredited-business-logo-source.png,bbb-accredited-business-logo.png,removed workflow-noise wording after visual review
,before-checkmark-sign-source.jpg,before-checkmark-sign.jpg,removed workflow-noise wording after visual review
,blue-booth-microphone-web.jpg,blue-booth-microphone.jpg,removed workflow-noise wording after visual review
,blue-microphone-close-source-alternate-02.jpg,blue-microphone-close.jpg,removed workflow-noise wording after visual review
,blue-microphone-close-source.jpg,blue-microphone-close-view-02.jpg,removed workflow-noise wording after visual review
,blue-microphone-pop-filter-web.jpg,blue-microphone-pop-filter.jpg,removed workflow-noise wording after visual review
,cables-edited.jpg,cables.jpg,removed workflow-noise wording after visual review
,checkmark-audio-albuquerque-music-studio-control-room-1-alternate-02.jpg,checkmark-audio-albuquerque-music-studio-control-room-1-view-02.jpg,removed workflow-noise wording after visual review
,checkmark-audio-albuquerque-music-studio-control-room-music-studio-1-edited.jpg,checkmark-audio-albuquerque-music-studio-control-room-music-studio-1.jpg,removed workflow-noise wording after visual review
,checkmark-audio-albuquerque-recording-studio-live-room-1-alternate-02.jpg,checkmark-audio-albuquerque-recording-studio-live-room-1-view-02.jpg,removed workflow-noise wording after visual review
,checkmark-audio-demo-reel-title-01-source.jpg,checkmark-audio-demo-reel-title-01.jpg,removed workflow-noise wording after visual review
,checkmark-audio-demo-reel-title-02-source-alternate-02.jpg,checkmark-audio-demo-reel-title-02.jpg,removed workflow-noise wording after visual review
,checkmark-audio-demo-reel-title-02-source.jpg,checkmark-audio-demo-reel-title-02-view-02.jpg,removed workflow-noise wording after visual review
,checkmark-audio-logo-mark-web.png,checkmark-audio-logo-mark.png,removed workflow-noise wording after visual review
,checkmark-audio-mixer-edited.jpg,checkmark-audio-mixer-view-02.jpg,removed workflow-noise wording after visual review
,checkmark-audio-music-studio-equipment-alternate-02.jpg,checkmark-audio-music-studio-equipment-view-02.jpg,removed workflow-noise wording after visual review
,checkmark-audio-music-studio-equipment-variant-02.jpg,checkmark-audio-music-studio-equipment-view-03.jpg,removed workflow-noise wording after visual review
,checkmark-audio-music-studio-equipment-variant-03.jpg,checkmark-audio-music-studio-equipment-view-04.jpg,removed workflow-noise wording after visual review
,checkmark-audio-music-studio-equipment-variant-04.jpg,checkmark-audio-music-studio-equipment-view-05.jpg,removed workflow-noise wording after visual review
,checkmark-audio-music-studio-equipment-variant-05.jpg,checkmark-audio-music-studio-equipment-view-06.jpg,removed workflow-noise wording after visual review
,checkmark-audio-music-studio-equipment-variant-06.jpg,checkmark-audio-music-studio-equipment-view-07.jpg,removed workflow-noise wording after visual review
,checkmark-audio-music-studio-logo-2-alternate-02.jpg,checkmark-audio-music-studio-logo-2-view-02.jpg,removed workflow-noise wording after visual review
,checkmark-audio-music-studio-logo-2-alternate-03.jpg,checkmark-audio-music-studio-logo-2-view-03.jpg,removed workflow-noise wording after visual review
,checkmark-audio-music-studio-waiting-room-variant-02.jpg,checkmark-audio-music-studio-waiting-room-view-02.jpg,removed workflow-noise wording after visual review
,checkmark-audio-music-studio-waiting-room-variant-03.jpg,checkmark-audio-music-studio-waiting-room-view-03.jpg,removed workflow-noise wording after visual review
,checkmark-audio-music-studio-waiting-room-variant-04.jpg,checkmark-audio-music-studio-waiting-room-view-04.jpg,removed workflow-noise wording after visual review
,checkmark-audio-vocal-recording-booth-alternate-02.jpg,checkmark-audio-vocal-recording-booth-view-02.jpg,removed workflow-noise wording after visual review
,checkmark-audio-vocal-recording-booth-alternate-03.jpg,checkmark-audio-vocal-recording-booth-view-03.jpg,removed workflow-noise wording after visual review
,checkmark-audio-vocal-recording-booth-variant-02.jpg,checkmark-audio-vocal-recording-booth-view-04.jpg,removed workflow-noise wording after visual review
,checkmark-audio-vocal-recording-booth-variant-03.jpg,checkmark-audio-vocal-recording-booth-view-05.jpg,removed workflow-noise wording after visual review
,checkmark-audio-vocal-recording-booth-variant-04.jpg,checkmark-audio-vocal-recording-booth-view-06.jpg,removed workflow-noise wording after visual review
,checkmark-audio-vocal-recording-booth-variant-05.jpg,checkmark-audio-vocal-recording-booth-view-07.jpg,removed workflow-noise wording after visual review
,checkmark-audio-vocal-recording-booth-variant-06.jpg,checkmark-audio-vocal-recording-booth-view-08.jpg,removed workflow-noise wording after visual review
,checkmark-audio-vocal-recording-booth-variant-07.jpg,checkmark-audio-vocal-recording-booth-view-09.jpg,removed workflow-noise wording after visual review
,checkmark-audio-vocal-recording-booth-variant-08.jpg,checkmark-audio-vocal-recording-booth-view-10.jpg,removed workflow-noise wording after visual review
,checkmark-lounge-sign-source-alternate-02.jpg,checkmark-lounge-sign.jpg,removed workflow-noise wording after visual review
,checkmark-lounge-sign-source.jpg,checkmark-lounge-sign-view-02.jpg,removed workflow-noise wording after visual review
,checkmark-music-studio-recording-vocals-sign-alternate-02.jpeg,checkmark-music-studio-recording-vocals-sign-view-02.jpeg,removed workflow-noise wording after visual review
,checkmark-music-studio-recording-vocals-sign-alternate-03.jpeg,checkmark-music-studio-recording-vocals-sign-view-03.jpeg,removed workflow-noise wording after visual review
,checkmark-sign-edited-alternate-02.jpg,checkmark-sign.jpg,removed workflow-noise wording after visual review
,checkmark-sign-edited.jpg,checkmark-sign-view-02.jpg,removed workflow-noise wording after visual review
,circular-logo-pattern-blur-source-alternate-02.png,circular-logo-pattern-blur.png,removed workflow-noise wording after visual review
,circular-logo-pattern-blur-source.png,circular-logo-pattern-blur-view-02.png,removed workflow-noise wording after visual review
,circular-logo-pattern-large-source-alternate-02.png,circular-logo-pattern-large.png,removed workflow-noise wording after visual review
,circular-logo-pattern-large-source.png,circular-logo-pattern-large-view-02.png,removed workflow-noise wording after visual review
,circular-logo-pattern-small-source-alternate-02.png,circular-logo-pattern-small.png,removed workflow-noise wording after visual review
,circular-logo-pattern-small-source-alternate-03.png,circular-logo-pattern-small-view-02.png,removed workflow-noise wording after visual review
,circular-logo-pattern-small-source.png,circular-logo-pattern-small-view-03.png,removed workflow-noise wording after visual review
,cma-logo-alternate-02.jpg,cma-logo-view-02.jpg,removed workflow-noise wording after visual review
,cma-logo-updated-2-alternate-02.png,cma-logo-updated-2-view-02.png,removed workflow-noise wording after visual review
,compressor-rack-web.jpg,compressor-rack.jpg,removed workflow-noise wording after visual review
,computer-session-couch-wide-web.jpg,computer-session-couch-wide.jpg,removed workflow-noise wording after visual review
,control-room-black-white-source-alternate-02.jpg,control-room-black-white.jpg,removed workflow-noise wording after visual review
,control-room-black-white-source.jpg,control-room-black-white-view-02.jpg,removed workflow-noise wording after visual review
,control-room-desk-source-alternate-02.jpg,control-room-desk.jpg,removed workflow-noise wording after visual review
,control-room-desk-source.jpg,control-room-desk-view-02.jpg,removed workflow-noise wording after visual review
,control-room-desk-synth-web.jpg,control-room-desk-synth.jpg,removed workflow-noise wording after visual review
,control-room-desk-web.jpg,control-room-desk-view-03.jpg,removed workflow-noise wording after visual review
,control-room-guitars-black-white-web.jpg,control-room-guitars-black-white.jpg,removed workflow-noise wording after visual review
,control-room-instruments-web.jpg,control-room-instruments.jpg,removed workflow-noise wording after visual review
,control-room-instruments-wide-web.jpg,control-room-instruments-wide.jpg,removed workflow-noise wording after visual review
,control-room-speaker-mural-source-alternate-02.jpg,control-room-speaker-mural.jpg,removed workflow-noise wording after visual review
,control-room-speaker-mural-source.jpg,control-room-speaker-mural-view-02.jpg,removed workflow-noise wording after visual review
,control-room-web.jpg,control-room.jpg,removed workflow-noise wording after visual review
,countrymeds-1-alternate-02.jpg,countrymeds-1-view-02.jpg,removed workflow-noise wording after visual review
,countrymeds-2-alternate-02.jpg,countrymeds-2-view-02.jpg,removed workflow-noise wording after visual review
,cross-icon-source.png,cross-icon.png,removed workflow-noise wording after visual review
,dark-microphone-pop-filter-source-alternate-02.jpg,dark-microphone-pop-filter.jpg,removed workflow-noise wording after visual review
,dark-microphone-pop-filter-source.jpg,dark-microphone-pop-filter-view-02.jpg,removed workflow-noise wording after visual review
,dark-studio-frame-source.jpg,dark-studio-frame.jpg,removed workflow-noise wording after visual review
,dark-video-frame-source.jpg,dark-video-frame.jpg,removed workflow-noise wording after visual review
,debut-band-single-artwork-alternate-02.jpg,debut-band-single-artwork-view-02.jpg,removed workflow-noise wording after visual review
,engineer-at-control-room-source-alternate-02.jpeg,engineer-at-control-room.jpeg,removed workflow-noise wording after visual review
,engineer-at-control-room-source.jpeg,engineer-at-control-room-view-02.jpeg,removed workflow-noise wording after visual review
,engineer-at-rack-web.jpg,engineer-at-rack.jpg,removed workflow-noise wording after visual review
,exterior-lesmens-building-close-source.jpg,exterior-lesmens-building-close.jpg,removed workflow-noise wording after visual review
,exterior-lesmens-building-source.jpg,exterior-lesmens-building.jpg,removed workflow-noise wording after visual review
,gardenview-album-cover-1-alternate-02.jpg,gardenview-album-cover-1-view-02.jpg,removed workflow-noise wording after visual review
,gardenview-album-cover-2-alternate-02.jpg,gardenview-album-cover-2-view-02.jpg,removed workflow-noise wording after visual review
,gardenview-album-cover-4-alternate-02.jpg,gardenview-album-cover-4-view-02.jpg,removed workflow-noise wording after visual review
,gardenview-album-cover-5-alternate-02.jpg,gardenview-album-cover-5-view-02.jpg,removed workflow-noise wording after visual review
,gardenview-press-kit-1-alternate-02.jpg,gardenview-press-kit-1-view-02.jpg,removed workflow-noise wording after visual review
,gardenview-press-kit-1-edited.jpg,gardenview-press-kit-1-view-03.jpg,removed workflow-noise wording after visual review
,gavin-hammond-piano-teacher-picture-variant-02.jpg,gavin-hammond-piano-teacher-picture-view-02.jpg,removed workflow-noise wording after visual review
,gavin-hammond-piano-teacher-picture-variant-03.jpg,gavin-hammond-piano-teacher-picture-view-03.jpg,removed workflow-noise wording after visual review
,gavin-hammond-piano-teaching-good-review-hodes-variant-02.jpg,gavin-hammond-piano-teaching-good-review-hodes-view-02.jpg,removed workflow-noise wording after visual review
,gavin-hammond-piano-teaching-piano-variant-02.jpg,gavin-hammond-piano-teaching-piano-view-02.jpg,removed workflow-noise wording after visual review
,gavin-hammond-piano-teaching-piano-variant-03.jpg,gavin-hammond-piano-teaching-piano-view-03.jpg,removed workflow-noise wording after visual review
,gavin-hammond-piano-teaching-piano-variant-04.jpg,gavin-hammond-piano-teaching-piano-view-04.jpg,removed workflow-noise wording after visual review
,gavin-hammond-piano-teaching-piano-variant-05.jpg,gavin-hammond-piano-teaching-piano-view-05.jpg,removed workflow-noise wording after visual review
,gavin-hammond-piano-teaching-piano-variant-06.jpg,gavin-hammond-piano-teaching-piano-view-06.jpg,removed workflow-noise wording after visual review
,gavinstudiopic-1-2-edited.png,gavinstudiopic-1-2.png,removed workflow-noise wording after visual review
,gavinstudiopic2-edited-edited-edited.png,gavinstudiopic2.png,removed workflow-noise wording after visual review
,gavinstudiopic2-edited-edited.png,gavinstudiopic2-view-02.png,removed workflow-noise wording after visual review
,gavinstudiopic2-edited.png,gavinstudiopic2-view-03.png,removed workflow-noise wording after visual review
,gemini-generated-image-5k0zpw5k0zpw5k0z-alternate-02.png,gemini-generated-image-5k0zpw5k0zpw5k0z-view-02.png,removed workflow-noise wording after visual review
,gregorio-and-the-unknown-1-alternate-02.jpg,gregorio-and-the-unknown-1-view-02.jpg,removed workflow-noise wording after visual review
,gregorio-and-the-unknown-artist-cafe-music-artist-bottom-footer-alternate-02.jpg,gregorio-and-the-unknown-artist-cafe-music-artist-bottom-footer-view-02.jpg,removed workflow-noise wording after visual review
,guitar-edited.jpg,guitar.jpg,removed workflow-noise wording after visual review
,guitar-header-2-alternate-02.jpeg,guitar-header-2-view-02.jpeg,removed workflow-noise wording after visual review
,guitar-image-header-alternate-02.png,guitar-image-header-view-02.png,removed workflow-noise wording after visual review
,guitar-image-header-edited-alternate-02.jpg,guitar-image-header.jpg,removed workflow-noise wording after visual review
,guitar-image-header-edited.jpg,guitar-image-header-view-02.jpg,removed workflow-noise wording after visual review
,haven-album-cover-1-alternate-02.jpg,haven-album-cover-1-view-02.jpg,removed workflow-noise wording after visual review
,headphones-mic-icon-white-source-alternate-02.png,headphones-mic-icon-white.png,removed workflow-noise wording after visual review
,headphones-mic-icon-white-source.png,headphones-mic-icon-white-view-02.png,removed workflow-noise wording after visual review
,heymillie-2-alternate-02.jpg,heymillie-2-view-02.jpg,removed workflow-noise wording after visual review
,instagram-icon-source.png,instagram-icon.png,removed workflow-noise wording after visual review
,library-logo-source-alternate-02.webp,library-logo.webp,removed workflow-noise wording after visual review
,library-logo-source.webp,library-logo-view-02.webp,removed workflow-noise wording after visual review
,live-room-web.jpg,live-room.jpg,removed workflow-noise wording after visual review
,logo-gold-transparent-alternate-02.png,logo-gold-transparent-view-02.png,removed workflow-noise wording after visual review
,los-angeles-film-school-logo-source-alternate-02.png,los-angeles-film-school-logo.png,removed workflow-noise wording after visual review
,los-angeles-film-school-logo-source.png,los-angeles-film-school-logo-view-02.png,removed workflow-noise wording after visual review
,microphone-keyboard-cma-overlay-01-source.jpg,microphone-keyboard-cma-overlay-01.jpg,removed workflow-noise wording after visual review
,microphone-keyboard-cma-overlay-02-source.jpg,microphone-keyboard-cma-overlay-02.jpg,removed workflow-noise wording after visual review
,microphone-keyboard-cma-overlay-03-source.jpg,microphone-keyboard-cma-overlay-03.jpg,removed workflow-noise wording after visual review
,microphone-keyboard-overlay-source.jpg,microphone-keyboard-overlay.jpg,removed workflow-noise wording after visual review
,microphone-pop-filter-web.jpg,microphone-pop-filter.jpg,removed workflow-noise wording after visual review
,microphone-sign-background-source-alternate-02.jpg,microphone-sign-background.jpg,removed workflow-noise wording after visual review
,microphone-sign-background-source.jpg,microphone-sign-background-view-02.jpg,removed workflow-noise wording after visual review
,milialbumcover-1-alternate-02.jpg,milialbumcover-1-view-02.jpg,removed workflow-noise wording after visual review
,mixing-console-black-white-source-alternate-02.jpg,mixing-console-black-white.jpg,removed workflow-noise wording after visual review
,mixing-console-black-white-source.jpg,mixing-console-black-white-view-02.jpg,removed workflow-noise wording after visual review
,mixing-console-black-white-web.jpg,mixing-console-black-white-view-03.jpg,removed workflow-noise wording after visual review
,music-studio-desk-checkmark-audio-variant-02.jpg,music-studio-desk-checkmark-audio-view-02.jpg,removed workflow-noise wording after visual review
,music-studio-desk-checkmark-audio-variant-03.jpg,music-studio-desk-checkmark-audio-view-03.jpg,removed workflow-noise wording after visual review
,music-studio-desk-checkmark-audio-variant-04.jpg,music-studio-desk-checkmark-audio-view-04.jpg,removed workflow-noise wording after visual review
,music-studio-desk-checkmark-audio-variant-05.jpg,music-studio-desk-checkmark-audio-view-05.jpg,removed workflow-noise wording after visual review
,music-studio-desk-checkmark-audio-variant-06.jpg,music-studio-desk-checkmark-audio-view-06.jpg,removed workflow-noise wording after visual review
,music-studio-desk-checkmark-audio-variant-07.jpg,music-studio-desk-checkmark-audio-view-07.jpg,removed workflow-noise wording after visual review
,namm-logo-source-alternate-02.png,namm-logo.png,removed workflow-noise wording after visual review
,namm-logo-source.png,namm-logo-view-02.png,removed workflow-noise wording after visual review
,piano-edited-edited.jpg,piano.jpg,removed workflow-noise wording after visual review
,piano-edited-variant-02.jpg,piano-view-02.jpg,removed workflow-noise wording after visual review
,piano-edited.jpg,piano-view-03.jpg,removed workflow-noise wording after visual review
,piano-teaching-piano-area-variant-02.jpg,piano-teaching-piano-area-view-02.jpg,removed workflow-noise wording after visual review
,piano-teaching-piano-area-variant-03.jpg,piano-teaching-piano-area-view-03.jpg,removed workflow-noise wording after visual review
,piano-teaching-piano-area-variant-04.jpg,piano-teaching-piano-area-view-04.jpg,removed workflow-noise wording after visual review
,piano-teaching-piano-area-variant-05.jpg,piano-teaching-piano-area-view-05.jpg,removed workflow-noise wording after visual review
,praying-artist-pink-source-alternate-02.jpg,praying-artist-pink.jpg,removed workflow-noise wording after visual review
,praying-artist-pink-source.jpg,praying-artist-pink-view-02.jpg,removed workflow-noise wording after visual review
,producer-keyboard-computer-web.jpg,producer-keyboard-computer.jpg,removed workflow-noise wording after visual review
,purple-artist-motion-source-alternate-02.jpg,purple-artist-motion.jpg,removed workflow-noise wording after visual review
,purple-artist-motion-source.jpg,purple-artist-motion-view-02.jpg,removed workflow-noise wording after visual review
,purple-artist-motion-web.jpg,purple-artist-motion-view-03.jpg,removed workflow-noise wording after visual review
,purple-booth-curtain-source-alternate-02.jpg,purple-booth-curtain.jpg,removed workflow-noise wording after visual review
,purple-booth-curtain-source.jpg,purple-booth-curtain-view-02.jpg,removed workflow-noise wording after visual review
,richard-baca-interview-close-source.jpg,richard-baca-interview-close.jpg,removed workflow-noise wording after visual review
,richard-baca-interview-second-close-source.jpg,richard-baca-interview-second-close.jpg,removed workflow-noise wording after visual review
,richard-baca-interview-wide-source.jpg,richard-baca-interview-wide.jpg,removed workflow-noise wording after visual review
,richard-baca-title-card-source.jpg,richard-baca-title-card.jpg,removed workflow-noise wording after visual review
,richard-w-guitar-3-alternate-02.png,richard-w-guitar-3-view-02.png,removed workflow-noise wording after visual review
,richard-w-guitar-3-edited-alternate-02.jpg,richard-w-guitar-3.jpg,removed workflow-noise wording after visual review
,richard-w-guitar-3-edited.jpg,richard-w-guitar-3-view-02.jpg,removed workflow-noise wording after visual review
,rrfcs-logo-source-alternate-02.png,rrfcs-logo.png,removed workflow-noise wording after visual review
,rrfcs-logo-source.png,rrfcs-logo-view-02.png,removed workflow-noise wording after visual review
,singer-smoke-stage-web.jpg,singer-smoke-stage.jpg,removed workflow-noise wording after visual review
,soundcloud-logo-source.png,soundcloud-logo.png,removed workflow-noise wording after visual review
,studio-b-vocal-booth-checkmark-audio-alternate-02.jpg,studio-b-vocal-booth-checkmark-audio-view-02.jpg,removed workflow-noise wording after visual review
,studio-mural-guitars-wide-source-alternate-02.jpg,studio-mural-guitars-wide.jpg,removed workflow-noise wording after visual review
,studio-mural-guitars-wide-source.jpg,studio-mural-guitars-wide-view-02.jpg,removed workflow-noise wording after visual review
,synth-keyboards-source-alternate-02.jpg,synth-keyboards.jpg,removed workflow-noise wording after visual review
,synth-keyboards-source.jpg,synth-keyboards-view-02.jpg,removed workflow-noise wording after visual review
,synth-keyboards-web.jpg,synth-keyboards-view-03.jpg,removed workflow-noise wording after visual review
,the-b-roll-4-alternate-02.jpg,the-b-roll-4-view-02.jpg,removed workflow-noise wording after visual review
,tiny-house-elevator-1-alternate-02.png,tiny-house-elevator-1-view-02.png,removed workflow-noise wording after visual review
,top-pro-awards-logo-source-alternate-02.jpg,top-pro-awards-logo.jpg,removed workflow-noise wording after visual review
,top-pro-awards-logo-source.jpg,top-pro-awards-logo-view-02.jpg,removed workflow-noise wording after visual review
,twitter-icon-source.png,twitter-icon.png,removed workflow-noise wording after visual review
,two-engineers-control-room-web.jpg,two-engineers-control-room.jpg,removed workflow-noise wording after visual review
,two-people-control-room-source-alternate-02.jpg,two-people-control-room.jpg,removed workflow-noise wording after visual review
,two-people-control-room-source.jpg,two-people-control-room-view-02.jpg,removed workflow-noise wording after visual review
,two-people-control-room-web.jpg,two-people-control-room-view-03.jpg,removed workflow-noise wording after visual review
,vocal-booth-artist-back-02-source-alternate-02.jpg,vocal-booth-artist-back-02.jpg,removed workflow-noise wording after visual review
,vocal-booth-artist-back-02-source.jpg,vocal-booth-artist-back-02-view-02.jpg,removed workflow-noise wording after visual review
,vocal-booth-artist-back-source-alternate-02.jpg,vocal-booth-artist-back.jpg,removed workflow-noise wording after visual review
,vocal-booth-artist-back-source.jpg,vocal-booth-artist-back-view-02.jpg,removed workflow-noise wording after visual review
,vocal-booth-artist-back-web.jpg,vocal-booth-artist-back-view-03.jpg,removed workflow-noise wording after visual review
,vocal-booth-artist-web.jpg,vocal-booth-artist.jpg,removed workflow-noise wording after visual review
,vocalboothinstudiob-blue-alternate-02.jpg,vocalboothinstudiob-blue-view-02.jpg,removed workflow-noise wording after visual review
,vohn-1-alternate-02.jpg,vohn-1-view-02.jpg,removed workflow-noise wording after visual review
,vohn-2-alternate-02.jpg,vohn-2-view-02.jpg,removed workflow-noise wording after visual review
,workforce-connection-logo-source-alternate-02.png,workforce-connection-logo.png,removed workflow-noise wording after visual review
,workforce-connection-logo-source.png,workforce-connection-logo-view-02.png,removed workflow-noise wording after visual review
,youtube-play-button-source.png,youtube-play-button.png,removed workflow-noise wording after visual review
,additional-effects.jpg,vocal-production-additional-effects-service-graphic.jpg,expanded visible subject and added factual location when useful
,additional-revision.jpg,mixing-mastering-additional-revision-service-graphic.jpg,expanded visible subject and added factual location when useful
,advanced-tuning.jpg,vocal-production-melodic-tuning-service-graphic.jpg,expanded visible subject and added factual location when useful
,after-checkmark-sign.jpg,audio-mixing-before-after-checkmark-studio-sign.jpg,expanded visible subject and added factual location when useful
,after-motion-blur.jpg,audio-mixing-before-after-motion-transition.jpg,expanded visible subject and added factual location when useful
,albuquerque-music-studio.jpg,recording-studio-albuquerque-nm-studio-a-lounge-chair.jpg,expanded visible subject and added factual location when useful
,antgraphic.png,antoine-seated-electric-guitarist-cutout.png,expanded visible subject and added factual location when useful
,antione1.jpeg,antoine-musician-interview-headshot.jpeg,expanded visible subject and added factual location when useful
,antione2.jpg,antoine-songwriter-writing-lyrics.jpg,expanded visible subject and added factual location when useful
,antoinegraphic3.png,antoine-electric-guitarist-standing-cutout.png,expanded visible subject and added factual location when useful
,antoinepic.jpg,antoine-electric-guitarist-action-portrait.jpg,expanded visible subject and added factual location when useful
,antoine-vocal-recording-performance.png,antoine-singer-vocal-recording-performance.png,expanded visible subject and added factual location when useful
,artist-portrait-cap.jpg,male-artist-blue-cap-studio-headshot.jpg,expanded visible subject and added factual location when useful
,artist-portrait-reclining.jpg,male-artist-reclining-close-up-portrait.jpg,expanded visible subject and added factual location when useful
,artist-portrait.jpg,male-artist-looking-up-studio-portrait.jpg,expanded visible subject and added factual location when useful
,artist-purple-portrait.jpg,male-artist-purple-light-side-portrait.jpg,expanded visible subject and added factual location when useful
,artist-purple-silhouette.jpg,male-artist-purple-light-standing-silhouette.jpg,expanded visible subject and added factual location when useful
,artist-side-portrait.jpg,male-artist-white-background-side-portrait.jpg,expanded visible subject and added factual location when useful
,artist-speaking-booth.jpg,male-singer-vocal-booth-microphone-performance.jpg,expanded visible subject and added factual location when useful
,before-checkmark-sign.jpg,audio-mixing-before-version-checkmark-studio-sign.jpg,expanded visible subject and added factual location when useful
,biopic.jpg,male-artist-seated-white-background-portrait.jpg,expanded visible subject and added factual location when useful
,blue-booth-microphone.jpg,vocal-recording-albuquerque-nm-blue-booth-microphone.jpg,expanded visible subject and added factual location when useful
,blue-microphone-close.jpg,vocal-recording-albuquerque-nm-blue-microphone-close-up.jpg,expanded visible subject and added factual location when useful
,bodyonyourbody.png,body-on-your-body-illustrated-single-cover.png,expanded visible subject and added factual location when useful
,cables.jpg,recording-studio-blue-patch-cables-close-up.jpg,expanded visible subject and added factual location when useful
,checkmark-audio-mixer.jpg,mixing-mastering-albuquerque-nm-studio-console.jpg,expanded visible subject and added factual location when useful
,checkmark-lounge-sign.jpg,recording-studio-albuquerque-nm-checkmark-lounge-sign.jpg,expanded visible subject and added factual location when useful
,checkmark-sign.jpg,recording-studio-albuquerque-nm-checkmark-sign.jpg,expanded visible subject and added factual location when useful
,compressor-rack.jpg,mixing-mastering-albuquerque-nm-compressor-rack.jpg,expanded visible subject and added factual location when useful
,control-room-desk.jpg,music-production-albuquerque-nm-control-room-desk.jpg,expanded visible subject and added factual location when useful
,control-room-instruments.jpg,recording-studio-albuquerque-nm-control-room-instruments.jpg,expanded visible subject and added factual location when useful
,control-room.jpg,vocal-recording-albuquerque-nm-control-room-microphone.jpg,expanded visible subject and added factual location when useful
,countrymeds-1.jpg,country-meds-singer-studio-headphones.jpg,expanded visible subject and added factual location when useful
,countrymeds-1-view-02.jpg,country-meds-singer-studio-headphones-view-02.jpg,expanded visible subject and added factual location when useful
,countrymeds-2.jpg,country-meds-singer-vocal-recording-microphone.jpg,expanded visible subject and added factual location when useful
,countrymeds-2-view-02.jpg,country-meds-singer-vocal-recording-microphone-view-02.jpg,expanded visible subject and added factual location when useful
,crowd2.png,live-concert-audience-black-and-white.png,expanded visible subject and added factual location when useful
,dark-studio-frame.jpg,checkmark-audio-recording-studio-phone-video-frame.jpg,expanded visible subject and added factual location when useful
,dark-video-frame.jpg,checkmark-audio-black-phone-video-frame.jpg,expanded visible subject and added factual location when useful
,drift.png,drift-illustrated-music-cover-art.png,expanded visible subject and added factual location when useful
,engineer-at-rack.jpg,audio-engineer-albuquerque-nm-studio-rack-workstation.jpg,expanded visible subject and added factual location when useful
,engineering-logo-1.png,audio-engineering-purple-headphones-skull-logo.png,expanded visible subject and added factual location when useful
,exterior-lesmens-building.jpg,checkmark-audio-albuquerque-nm-studio-building-exterior.jpg,expanded visible subject and added factual location when useful
,for-constructors.jpg,mixing-mastering-mixed-stems-service-graphic.jpg,expanded visible subject and added factual location when useful
,for-live-shows.jpg,music-production-performance-version-service-graphic.jpg,expanded visible subject and added factual location when useful
,for-remixes.jpg,music-production-acapella-instrumental-service-graphic.jpg,expanded visible subject and added factual location when useful
,for-serious-artists.jpg,music-production-high-resolution-audio-service-graphic.jpg,expanded visible subject and added factual location when useful
,gavinstudiopic-1-2.jpg,gavin-hammond-albuquerque-nm-recording-studio-portrait.jpg,expanded visible subject and added factual location when useful
,gavinstudiopic-1-2.png,gavin-hammond-albuquerque-nm-recording-studio-portrait.png,expanded visible subject and added factual location when useful
,gavinstudiopic2.png,gavin-hammond-albuquerque-nm-control-room-headshot.png,expanded visible subject and added factual location when useful
,gavinstudiopic2-view-02.png,gavin-hammond-albuquerque-nm-control-room-headshot-view-02.png,expanded visible subject and added factual location when useful
,gavinstudiopic2-view-03.png,gavin-hammond-albuquerque-nm-control-room-headshot-view-03.png,expanded visible subject and added factual location when useful
,guitar-header-2.jpeg,acoustic-guitar-horizontal-studio-product-photo.jpeg,expanded visible subject and added factual location when useful
,guitar-image-header.jpg,acoustic-guitar-standing-studio-product-photo.jpg,expanded visible subject and added factual location when useful
,guitar-image-header.png,acoustic-guitar-standing-studio-product-photo.png,expanded visible subject and added factual location when useful
,guitar-lessons-pic.jpg,guitar-instructor-acoustic-performance-portrait.jpg,expanded visible subject and added factual location when useful
,guitar.avif,acoustic-guitar-horizontal-banner.avif,expanded visible subject and added factual location when useful
,guitar.jpg,acoustic-guitar-front-product-photo.jpg,expanded visible subject and added factual location when useful
,guitarwesitebrg.jpg,acoustic-guitar-website-banner.jpg,expanded visible subject and added factual location when useful
,heymillie-2.jpg,hey-millie-album-cover-artist-holding-cash.jpg,expanded visible subject and added factual location when useful
,heymillie-2-view-02.jpg,hey-millie-album-cover-artist-holding-cash-view-02.jpg,expanded visible subject and added factual location when useful
,inthestudio1.jpg,artists-discussing-recording-session-studio-lounge.jpg,expanded visible subject and added factual location when useful
,live-room.jpg,recording-studio-albuquerque-nm-studio-b-live-room.jpg,expanded visible subject and added factual location when useful
,lobo-rap-group.jpeg,lobo-rap-group-black-and-white-group-portrait.jpeg,expanded visible subject and added factual location when useful
,marz.png,marz-sunglasses-basketball-jersey-portrait.png,expanded visible subject and added factual location when useful
,marzcubist.jpg,marz-cubist-illustrated-artist-portrait.jpg,expanded visible subject and added factual location when useful
,marzgraphic5.png,marz-artist-photography-services-graphic.png,expanded visible subject and added factual location when useful
,microphone-pop-filter.jpg,vocal-recording-albuquerque-nm-dark-microphone-pop-filter.jpg,expanded visible subject and added factual location when useful
,microphone-sign-background.jpg,vocal-recording-albuquerque-nm-microphone-studio-sign.jpg,expanded visible subject and added factual location when useful
,milialbumcover-1.jpg,millie-black-and-white-album-cover.jpg,expanded visible subject and added factual location when useful
,milialbumcover-1-view-02.jpg,millie-black-and-white-album-cover-view-02.jpg,expanded visible subject and added factual location when useful
,milli.jpg,millie-relaxing-studio-lounge-session.jpg,expanded visible subject and added factual location when useful
,millie-graphic2.png,millie-artist-photography-promotion-graphic.png,expanded visible subject and added factual location when useful
,piano-1.jpeg,child-piano-lesson-with-instructor.jpeg,expanded visible subject and added factual location when useful
,piano-teaching-review.png,piano-lessons-five-star-review-screenshot.png,expanded visible subject and added factual location when useful
,piano.jpg,upright-piano-black-and-white-wide.jpg,expanded visible subject and added factual location when useful
,piano-view-02.jpg,upright-piano-color-studio-photo.jpg,expanded visible subject and added factual location when useful
,piano-view-03.jpg,upright-piano-black-and-white-studio-photo.jpg,expanded visible subject and added factual location when useful
,praying-artist-pink.jpg,male-artist-praying-pink-portrait.jpg,expanded visible subject and added factual location when useful
,producer-keyboard-computer.jpg,music-producer-keyboard-daw-workstation.jpg,expanded visible subject and added factual location when useful
,purple-artist-motion.jpg,female-guitarist-purple-motion-portrait.jpg,expanded visible subject and added factual location when useful
,purple-booth-curtain.jpg,vocal-recording-albuquerque-nm-purple-booth-curtain.jpg,expanded visible subject and added factual location when useful
,rappermillieholdingmoney.png,millie-artist-career-promotion-graphic.png,expanded visible subject and added factual location when useful
,richard-from-gardenview.jpg,richard-baca-gardenview-black-and-white-portrait.jpg,expanded visible subject and added factual location when useful
,richard.jpg,richard-baca-bass-guitar-performance-profile.jpg,expanded visible subject and added factual location when useful
,singer-smoke-stage.jpg,female-singer-smoke-stage-performance.jpg,expanded visible subject and added factual location when useful
,singer-stage-smoke.jpg,female-singer-smoke-stage-performance-view-02.jpg,expanded visible subject and added factual location when useful
,studio-collage-wall.jpg,recording-studio-albuquerque-nm-artist-collage-wall.jpg,expanded visible subject and added factual location when useful
,studio-interview-speaker.png,male-musician-studio-interview-speaking.png,expanded visible subject and added factual location when useful
,synth-keyboards.jpg,music-production-albuquerque-nm-stacked-synth-keyboards.jpg,expanded visible subject and added factual location when useful
,t-shirt-logo.png,checkmark-audio-headphones-microphone-shirt-logo.png,expanded visible subject and added factual location when useful
,tuba-banner.jpg,tuba-instrument-close-up-banner.jpg,expanded visible subject and added factual location when useful
,vocal-booth-artist.jpg,vocal-recording-albuquerque-nm-artist-booth-rear.jpg,expanded visible subject and added factual location when useful
,vocalboothinstudiob-blue.jpg,vocal-recording-albuquerque-nm-studio-b-blue-microphone.jpg,expanded visible subject and added factual location when useful
,vohn-1.jpg,vohn-on-air-studio-portrait.jpg,expanded visible subject and added factual location when useful
,vohn-1-view-02.jpg,vohn-on-air-studio-portrait-view-02.jpg,expanded visible subject and added factual location when useful
,vohn-2.jpg,vohn-live-singer-microphone-performance.jpg,expanded visible subject and added factual location when useful
,vohn-2-view-02.jpg,vohn-live-singer-microphone-performance-view-02.jpg,expanded visible subject and added factual location when useful
,whats-poppin.png,whats-poppin-neon-artist-cover-art.png,expanded visible subject and added factual location when useful
,yung-critical.jpg,yung-critical-urban-album-cover.jpg,expanded visible subject and added factual location when useful
,checkmark-audio-logo-mark.png,checkmark-audio-albuquerque-nm-recording-studio-logo.png,expanded visible subject and added factual location when useful
,cma-logo.jpg,checkmark-audio-headphones-microphone-logo-black.jpg,expanded logo or icon identity from visible mark
,cma-logo1.png,checkmark-audio-headphones-microphone-outline-logo.png,expanded logo or icon identity from visible mark
,cma-logo2.jpg,checkmark-audio-headphones-microphone-logo-white-background.jpg,expanded logo or icon identity from visible mark
,cmalogo-new.png,checkmark-audio-headphones-microphone-logo-white.png,expanded logo or icon identity from visible mark
,cme-logo1.png,checkmark-music-entertainment-logo-black.png,expanded logo or icon identity from visible mark
,cross-icon.png,facebook-logo-white.png,expanded logo or icon identity from visible mark
,instagram-icon.png,instagram-logo-white.png,expanded logo or icon identity from visible mark
,lafs-logo.png,los-angeles-film-school-logo-view-03.png,expanded logo identity from visible mark; exact duplicate retained as a numbered view
,library-logo.webp,library-of-congress-logo.webp,expanded logo or icon identity from visible mark
,library-sign.png,checkmark-audio-library-sign.png,expanded logo or icon identity from visible mark
,namm-logo.png,namm-believe-in-music-logo.png,expanded logo or icon identity from visible mark
,rrfcs-logo.png,recording-radio-film-connection-school-logo.png,expanded logo or icon identity from visible mark
,soundcloud-logo.png,soundcloud-logo-white.png,expanded logo or icon identity from visible mark
,twitter-icon.png,twitter-bird-logo-white.png,expanded logo or icon identity from visible mark
,logo-gold-transparent.png,checkmark-audio-gold-headphones-microphone-logo-transparent.png,standardized visible Checkmark Audio logo naming
,logo-gold-transparent-view-02.png,checkmark-audio-gold-headphones-microphone-logo-transparent-view-02.png,standardized visible Checkmark Audio logo naming
,cma-logo-updated-1.png,checkmark-audio-headphones-microphone-logo-updated.png,standardized visible Checkmark Audio logo naming
,cma-logo-updated-2.png,checkmark-audio-headphones-microphone-logo-updated-white.png,standardized visible Checkmark Audio logo naming
,cma-logo-updated-2-view-02.png,checkmark-audio-headphones-microphone-logo-updated-white-view-02.png,standardized visible Checkmark Audio logo naming
,cma-logo-view-02.jpg,checkmark-audio-headphones-microphone-logo-black-view-02.jpg,standardized visible Checkmark Audio logo naming
,cma-logo1-1.jpg,checkmark-audio-headphones-microphone-logo-gray-background.jpg,standardized visible Checkmark Audio logo naming
,headphones-mic-icon-white.png,checkmark-audio-headphones-microphone-logo-icon-white.png,standardized visible Checkmark Audio logo naming
,headphones-mic-icon-white-view-02.png,checkmark-audio-headphones-microphone-logo-icon-white-view-02.png,standardized visible Checkmark Audio logo naming
,circular-logo-pattern-large.png,checkmark-audio-circular-logo-pattern-large.png,standardized visible Checkmark Audio logo naming
,circular-logo-pattern-large-view-02.png,checkmark-audio-circular-logo-pattern-large-view-02.png,standardized visible Checkmark Audio logo naming
,circular-logo-pattern-small.png,checkmark-audio-circular-logo-pattern-small.png,standardized visible Checkmark Audio logo naming
,circular-logo-pattern-small-view-02.png,checkmark-audio-circular-logo-pattern-small-view-02.png,standardized visible Checkmark Audio logo naming
,circular-logo-pattern-small-view-03.png,checkmark-audio-circular-logo-pattern-small-view-03.png,standardized visible Checkmark Audio logo naming
,circular-logo-pattern-blur.png,checkmark-audio-circular-logo-pattern-blur.png,standardized visible Checkmark Audio logo naming
,circular-logo-pattern-blur-view-02.png,checkmark-audio-circular-logo-pattern-blur-view-02.png,standardized visible Checkmark Audio logo naming
,checkmark-audio-equalizer-mark.jpg,checkmark-audio-equalizer-logo-mark.jpg,standardized visible Checkmark Audio logo naming
,checkmark-audio-music-studio-logo.jpg,checkmark-audio-recording-studio-logo.jpg,standardized visible Checkmark Audio logo naming
,checkmark-audio-music-studio-logo.jpeg,checkmark-audio-recording-studio-logo.jpeg,standardized visible Checkmark Audio logo naming
,checkmark-audio-music-studio-logo-2.jpg,checkmark-audio-recording-studio-headphones-microphone-logo.jpg,standardized visible Checkmark Audio logo naming
,checkmark-audio-music-studio-logo-2-view-02.jpg,checkmark-audio-recording-studio-headphones-microphone-logo-view-02.jpg,standardized visible Checkmark Audio logo naming
,checkmark-audio-music-studio-logo-2-view-03.jpg,checkmark-audio-recording-studio-headphones-microphone-logo-view-03.jpg,standardized visible Checkmark Audio logo naming
,microphone-keyboard-cma-overlay-01.jpg,checkmark-audio-logo-microphone-keyboard-overlay-view-01.jpg,standardized visible Checkmark Audio logo naming
,microphone-keyboard-cma-overlay-02.jpg,checkmark-audio-logo-microphone-keyboard-overlay-view-02.jpg,standardized visible Checkmark Audio logo naming
,microphone-keyboard-cma-overlay-03.jpg,checkmark-audio-logo-microphone-keyboard-overlay-view-03.jpg,standardized visible Checkmark Audio logo naming
